ico	nazov	mesto	vznik
57842809	Eduard Pohl	Košice - mestská časť Západ	2026-08-18
57827940	IĽJA GROUP s. r. o.	Košice - mestská časť Sever	2026-08-19
57833427	staruch company s. r. o.	Košice - mestská časť Nad jazerom	2026-08-19
57810681	INEstudio s. r. o.	Košice - mestská časť Juh	2026-08-19
57842078	Kristián Kováč	Košice - mestská časť Nad jazerom	2026-08-18
57820104	Brutus Studio s. r. o.	Košice - mestská časť Sever	2026-08-19
57843406	Ing. Patrik Kölbel	Košice - mestská časť Sever	2026-08-18
57772541	M2 Servis s. r. o.	Košice - mestská časť Šaca	2026-08-19
57845361	Ladislav Ďurech	Košice - mestská časť Staré Mesto	2026-08-18
57845409	Martin Jurčo	Košice - mestská časť Západ	2026-08-18
57846022	Martin Fujak	Košice - mestská časť Sídlisko KVP	2026-08-19
57805962	Olach BAU, s. r. o.	Košice - mestská časť Košická Nová Ves	2026-08-20
57794715	AUTO-VALAS Services s. r. o.	Košice - mestská časť Dargovských hrdinov	2026-08-20
57817162	Účtovníctvo na mieru s. r. o.	Košice - mestská časť Západ	2026-08-20
57816026	Finea EU s. r. o.	Košice - mestská časť Sídlisko KVP	2026-08-20
57828482	Welh s. r. o.	Košice - mestská časť Sídlisko KVP	2026-08-20
57835179	Abso bar s. r. o.	Košice - mestská časť Sídlisko KVP	2026-08-20
57821411	Sense s. r. o.	Košice - mestská časť Sever	2026-08-20
57822301	LocalMind s. r. o.	Košice - mestská časť Sídlisko KVP	2026-08-20
57835489	Práca Snov s. r. o.	Košice - mestská časť Staré Mesto	2026-08-20
57814163	KVH Services s. r. o.	Košice - mestská časť Dargovských hrdinov	2026-08-20
57816719	VINTAU 1 s. r. o.	Košice - mestská časť Západ	2026-08-20
57846693	Yana Rachkovska	Košice - mestská časť Juh	2026-08-19
56102488	Patrik Bialko	Košice - mestská časť Krásna	2026-08-20
57846235	Petro Bainov	Košice - mestská časť Západ	2026-08-20
57846359	Bohdan Pinchuk	Košice - mestská časť Západ	2026-08-20
57774404	Provenance Systems s. r. o.	Košice - mestská časť Staré Mesto	2026-08-21
57794812	3KA Studio s. r. o.	Košice - mestská časť Staré Mesto	2026-08-21
57823588	COM GROUP REAL ESTATE s. r. o.	Košice - mestská časť Staré Mesto	2026-08-21
57787689	TERRAVIS s. r. o.	Košice - mestská časť Nad jazerom	2026-08-21
57842582	Krosienko	Košice - mestská časť Košická Nová Ves	2026-08-18
57830894	BRAVON s. r. o.	Košice - mestská časť Sídlisko KVP	2026-08-21
57849382	Nadiia Kovalchuk - NK Studio	Košice - mestská časť Staré Mesto	2026-08-20
57849072	Norbert Furik	Košice - mestská časť Dargovských hrdinov	2026-08-19
57845964	Patrik Urbanič	Košice - mestská časť Nad jazerom	2026-08-20
57849668	Dávid Baldys - stavebné práce	Košice - mestská časť Sídlisko Ťahanovce	2026-08-19
57836728	Trung Nguyen 81 s. r. o.	Košice - mestská časť Juh	2026-08-21
57835071	JKV GROUP divízia Košice s. r. o.	Košice - mestská časť Nad jazerom	2026-08-22
57851859	Jakub Göbl	Košice - mestská časť Pereš	2026-08-21
57816778	Clonix s. r. o.	Košice - mestská časť Dargovských hrdinov	2026-08-22
56776764	Alexander Harviľak	Košice - mestská časť Krásna	2026-08-21
57822115	VNIL s. r. o.	Košice - mestská časť Sever	2026-08-22
57831840	Taurius Labs s. r. o.	Košice - mestská časť Nad jazerom	2026-08-22
57832765	Družstvo Do & Phan	Košice - mestská časť Staré Mesto	2026-08-22
57834598	Maximalizuj s. r. o.	Košice - mestská časť Košická Nová Ves	2026-08-22
57827001	FaceLab s. r. o.	Košice - mestská časť Krásna	2026-08-22
57775150	PATO ADVISORY GROUP, s. r. o.	Košice - mestská časť Staré Mesto	2026-08-22
57823413	Humanus s. r. o.	Košice - mestská časť Sídlisko Ťahanovce	2026-08-22
57831602	MPATech s. r. o.	Košice - mestská časť Západ	2026-08-22
57826811	Vasix s. r. o.	Košice - mestská časť Juh	2026-08-22
57832773	Lipstaving s. r. o.	Košice - mestská časť Západ	2026-08-22
57837180	PATRiX ELEKTRO s. r. o.	Košice - mestská časť Nad jazerom	2026-08-22
57836124	AMONY REAL ESTATES s. r. o.	Košice - mestská časť Staré Mesto	2026-08-22
57837015	STAVELLO s. r. o.	Košice - mestská časť Staré Mesto	2026-08-22
57777331	Casedat Plus s. r. o.	Košice - mestská časť Barca	2026-08-22
57831891	AquaRex Protex s. r. o.	Košice - mestská časť Myslava	2026-08-22
35577126	Mgr. Barbora Gažiová	Košice - mestská časť Staré Mesto	2026-08-18
57851875	Karine Hiulumian	Košice - mestská časť Západ	2026-08-20
57828954	AUTOŠKOLA ALFA KE s. r. o.	Košice - mestská časť Sever	2026-08-22
57832129	GK HT s. r. o.	Košice - mestská časť Sídlisko KVP	2026-08-22
57850984	Oleh Antoniuk	Košice - mestská časť Nad jazerom	2026-08-20
57850950	Denis Vajda	Košice - mestská časť Sídlisko Ťahanovce	2026-08-21
57831041	LARIK s. r. o.	Košice - mestská časť Krásna	2026-08-22
57828211	Korl Tattoo s. r. o.	Košice - mestská časť Dargovských hrdinov	2026-08-22
57806284	Toggo kosice s. r. o.	Košice - mestská časť Západ	2026-08-23
57787328	LiveLoveDance s. r. o.	Košice - mestská časť Západ	2026-08-23
57751757	ROBTEN Group s. r. o.	Košice - mestská časť Sídlisko KVP	2026-08-23
57817049	J.V. Legacy s. r. o.	Košice - mestská časť Sídlisko KVP	2026-08-23
57848696	Previon Group s. r. o.	Košice - mestská časť Sídlisko Ťahanovce	2026-08-24
57836663	VIRELION DEVELOPMENT s. r. o.	Košice - mestská časť Západ	2026-08-25
57835888	MEDICON s. r. o.	Košice - mestská časť Staré Mesto	2026-08-25
57835721	S78 Consulting, s. r. o.	Košice - mestská časť Západ	2026-08-25
57821836	CoreGPT s. r. o.	Košice - mestská časť Sídlisko KVP	2026-08-25
57834989	Tactical Plus PDR, s. r. o.	Košice - mestská časť Juh	2026-08-25
57822557	VL Solutions s. r. o.	Košice - mestská časť Sídlisko KVP	2026-08-25
57819491	PVGR Consulting s. r. o.	Košice - mestská časť Dargovských hrdinov	2026-08-25
57826072	PRIME ADVISORY s. r. o.	Košice - mestská časť Myslava	2026-08-25
57821089	NITEC s. r. o.	Košice - mestská časť Sídlisko KVP	2026-08-25
57820392	Šmeko s. r. o.	Košice - mestská časť Juh	2026-08-25
57819769	Seres s. r. o.	Košice - mestská časť Staré Mesto	2026-08-25
57853738	Ruslan Trashkov	Košice - mestská časť Nad jazerom	2026-08-21
56749821	Šimon Sabolčík	Košice - mestská časť Západ	2026-08-24
57836540	VL1LG s. r. o.	Košice - mestská časť Staré Mesto	2026-08-25
57854009	Alina Panova	Košice - mestská časť Staré Mesto	2026-08-21
57849315	Mykhailo Pokhvatiuk	Košice - mestská časť Juh	2026-08-20
57853096	Marek Lipták	Košice - mestská časť Kavečany	2026-08-21
57853223	Matúš Stašík	Košice - mestská časť Sídlisko KVP	2026-08-21
57815330	PRIME HEALTH s. r. o.	Košice - mestská časť Myslava	2026-08-25
57834873	L&L EQUITY s. r. o.	Košice - mestská časť Juh	2026-08-25
57816981	PRIME INSTITUTE s. r. o.	Košice - mestská časť Myslava	2026-08-25
57853592	Roman Ivanyna	Košice - mestská časť Juh	2026-08-21
57819947	Penates s. r. o.	Košice - mestská časť Juh	2026-08-25
57835497	LORENKE s. r. o.	Košice - mestská časť Sever	2026-08-25
57854114	Daniel Korfant	Košice - mestská časť Západ	2026-08-24
57854564	Rodion Misiailo	Košice - mestská časť Staré Mesto	2026-08-24
57819670	LevelUP Collective s. r. o.	Košice - mestská časť Nad jazerom	2026-08-25
57854807	Monika Marszaliková - TOP MAX2	Košice - mestská časť Dargovských hrdinov	2026-08-24
57816115	Trion Studios s. r. o.	Košice - mestská časť Sídlisko KVP	2026-08-25
57821267	Sklenárstvo - BETTY s. r. o.	Košice - mestská časť Sever	2026-08-25
57822646	Skynext s. r. o.	Košice - mestská časť Západ	2026-08-25
57820139	ProfiMC s. r. o.	Košice - mestská časť Západ	2026-08-25
57819602	DAN-MONT Slovakia s. r. o.	Košice - mestská časť Západ	2026-08-25
57814325	KONIG PROTOKOLL s. r. o.	Košice - mestská časť Západ	2026-08-25
57820686	Makman s. r. o.	Košice - mestská časť Západ	2026-08-25
57816425	DTF TechPrint s. r. o.	Košice - mestská časť Západ	2026-08-25
57834512	Datax Plus s. r. o.	Košice - mestská časť Staré Mesto	2026-08-25
57836175	FES66 s. r. o.	Košice - mestská časť Staré Mesto	2026-08-25
57821593	BOGNAR GROUP s. r. o.	Košice - mestská časť Staré Mesto	2026-08-25
57815071	Timisun s. r. o.	Košice - mestská časť Staré Mesto	2026-08-25
57837091	MDF Macej s. r. o.	Košice - mestská časť Západ	2026-08-25
57826501	Tamand s. r. o.	Košice - mestská časť Sídlisko Ťahanovce	2026-08-25
57815950	MOKOŠ group s. r. o.	Košice - mestská časť Západ	2026-08-25
57815135	SmartSupply s. r. o.	Košice - mestská časť Dargovských hrdinov	2026-08-25
57826200	Kopnický s. r. o.	Košice - mestská časť Západ	2026-08-25
